{"00061095": -0.004864003212491781, "00095858": 0.028857162173310025}